[
  {
    "email": "amr1999@gmail.com",
    "password": "vardhan2233"
  },
  {
    "email": "girish1234@gmail.com",
    "password": "girish123"
  },
  {
    "email": "amrvardhan1999@gmail.com",
    "password": "vardhan2233"
  },
  {
    "email": "amrvardhan2233@gmail.com",
    "password": "vardhan2233",
    "secret": "HBFDC3KCJF4USQCWEVDGW5SAEUUUUNTUKQXHGN2SIZHEGOSVKVUQ"
  },
  {
    "email": "girish.usams@gmail.com",
    "password": "amrvardhan2233",
    "secret": "GRIGCLRZPASFCXTNMIUFIMZXKVEDMVCMJQ3ECTRTMUSXGR3NNMYA"
  }
]